{
  "Test" : {
    "transaction" : "Test",
    "sampleCount" : 1262,
    "errorCount" : 1028,
    "errorPct" : 81.458,
    "meanResTime" : 11037.835974643416,
    "medianResTime" : 512.5,
    "minResTime" : 205.0,
    "maxResTime" : 120721.0,
    "pct1ResTime" : 42100.8,
    "pct2ResTime" : 60469.7,
    "pct3ResTime" : 66034.42999999989,
    "throughput" : 0.9649321336163393,
    "receivedKBytesPerSec" : 2.146866623985751,
    "sentKBytesPerSec" : 8.151265035011285
  },
  "Total" : {
    "transaction" : "Total",
    "sampleCount" : 2514,
    "errorCount" : 1745,
    "errorPct" : 69.41129,
    "meanResTime" : 5541.153937947483,
    "medianResTime" : 230.0,
    "minResTime" : 102.0,
    "maxResTime" : 60424.0,
    "pct1ResTime" : 20914.5,
    "pct2ResTime" : 43855.75,
    "pct3ResTime" : 60293.95,
    "throughput" : 1.92202569581688,
    "receivedKBytesPerSec" : 2.147665504980906,
    "sentKBytesPerSec" : 8.151071331981392
  },
  "HTTP Request POST" : {
    "transaction" : "HTTP Request POST",
    "sampleCount" : 1250,
    "errorCount" : 922,
    "errorPct" : 73.76,
    "meanResTime" : 9817.039199999987,
    "medianResTime" : 148.0,
    "minResTime" : 102.0,
    "maxResTime" : 60424.0,
    "pct1ResTime" : 36139.30000000002,
    "pct2ResTime" : 60132.5,
    "pct3ResTime" : 60267.92,
    "throughput" : 0.9571854765099026,
    "receivedKBytesPerSec" : 1.0150847286226024,
    "sentKBytesPerSec" : 7.769915715511458
  },
  "HTTP Request GET" : {
    "transaction" : "HTTP Request GET",
    "sampleCount" : 1264,
    "errorCount" : 823,
    "errorPct" : 65.110756,
    "meanResTime" : 1312.6281645569595,
    "medianResTime" : 266.0,
    "minResTime" : 204.0,
    "maxResTime" : 60416.0,
    "pct1ResTime" : 409.0,
    "pct2ResTime" : 512.75,
    "pct3ResTime" : 60307.35,
    "throughput" : 0.9663645503232046,
    "receivedKBytesPerSec" : 1.134197312728642,
    "sentKBytesPerSec" : 0.3935293139499769
  }
}