{
  "Test" : {
    "transaction" : "Test",
    "sampleCount" : 3581,
    "errorCount" : 3504,
    "errorPct" : 97.84976,
    "meanResTime" : 1423.2231220329506,
    "medianResTime" : 312.0,
    "minResTime" : 204.0,
    "maxResTime" : 60716.0,
    "pct1ResTime" : 421.8000000000002,
    "pct2ResTime" : 618.0,
    "pct3ResTime" : 43037.87999999996,
    "throughput" : 2.740915026276351,
    "receivedKBytesPerSec" : 3.9087472830517154,
    "sentKBytesPerSec" : 23.601899858199168
  },
  "Total" : {
    "transaction" : "Total",
    "sampleCount" : 7147,
    "errorCount" : 6897,
    "errorPct" : 96.50203,
    "meanResTime" : 713.3240520498122,
    "medianResTime" : 205.0,
    "minResTime" : 101.0,
    "maxResTime" : 60332.0,
    "pct1ResTime" : 211.0,
    "pct2ResTime" : 398.59999999999945,
    "pct3ResTime" : 22303.479999999705,
    "throughput" : 5.462881148129917,
    "receivedKBytesPerSec" : 3.905945450299782,
    "sentKBytesPerSec" : 23.57123613355357
  },
  "HTTP Request POST" : {
    "transaction" : "HTTP Request POST",
    "sampleCount" : 3561,
    "errorCount" : 3456,
    "errorPct" : 97.05139,
    "meanResTime" : 1204.8972198820495,
    "medianResTime" : 105.0,
    "minResTime" : 101.0,
    "maxResTime" : 60332.0,
    "pct1ResTime" : 116.0,
    "pct2ResTime" : 289.899999999996,
    "pct3ResTime" : 42726.540000000015,
    "throughput" : 2.7274586381395376,
    "receivedKBytesPerSec" : 1.9302385051902902,
    "sentKBytesPerSec" : 22.50100270342774
  },
  "HTTP Request GET" : {
    "transaction" : "HTTP Request GET",
    "sampleCount" : 3586,
    "errorCount" : 3441,
    "errorPct" : 95.9565,
    "meanResTime" : 225.17791411042984,
    "medianResTime" : 207.0,
    "minResTime" : 203.0,
    "maxResTime" : 1334.0,
    "pct1ResTime" : 269.2000000000007,
    "pct2ResTime" : 403.0,
    "pct3ResTime" : 440.34000000000196,
    "throughput" : 2.7409950744639544,
    "receivedKBytesPerSec" : 1.9796506817327124,
    "sentKBytesPerSec" : 1.1162060020033875
  }
}