{
  "Test" : {
    "transaction" : "Test",
    "sampleCount" : 837,
    "errorCount" : 236,
    "errorPct" : 28.195938,
    "meanResTime" : 18334.853046595,
    "medianResTime" : 15120.0,
    "minResTime" : 249.0,
    "maxResTime" : 60539.0,
    "pct1ResTime" : 40570.600000000006,
    "pct2ResTime" : 47477.59999999996,
    "pct3ResTime" : 60392.24,
    "throughput" : 0.6384473448752205,
    "receivedKBytesPerSec" : 2.4006723517497806,
    "sentKBytesPerSec" : 5.442094543267966
  },
  "Total" : {
    "transaction" : "Total",
    "sampleCount" : 1666,
    "errorCount" : 292,
    "errorPct" : 17.52701,
    "meanResTime" : 9211.446578631443,
    "medianResTime" : 295.0,
    "minResTime" : 123.0,
    "maxResTime" : 60264.0,
    "pct1ResTime" : 32694.7,
    "pct2ResTime" : 40322.549999999996,
    "pct3ResTime" : 58132.28,
    "throughput" : 1.267937394639806,
    "receivedKBytesPerSec" : 2.3952788346829585,
    "sentKBytesPerSec" : 5.429867956088345
  },
  "HTTP Request POST" : {
    "transaction" : "HTTP Request POST",
    "sampleCount" : 829,
    "errorCount" : 148,
    "errorPct" : 17.852835,
    "meanResTime" : 18213.17852834738,
    "medianResTime" : 15189.0,
    "minResTime" : 123.0,
    "maxResTime" : 60264.0,
    "pct1ResTime" : 40332.0,
    "pct2ResTime" : 47380.0,
    "pct3ResTime" : 60133.0,
    "throughput" : 0.6319180351236661,
    "receivedKBytesPerSec" : 1.2032195923747542,
    "sentKBytesPerSec" : 5.181717317536526
  },
  "HTTP Request GET" : {
    "transaction" : "HTTP Request GET",
    "sampleCount" : 837,
    "errorCount" : 144,
    "errorPct" : 17.204302,
    "meanResTime" : 295.7526881720435,
    "medianResTime" : 264.0,
    "minResTime" : 245.0,
    "maxResTime" : 1533.0,
    "pct1ResTime" : 322.0,
    "pct2ResTime" : 512.0999999999999,
    "pct3ResTime" : 857.0400000000002,
    "throughput" : 0.6410388965859509,
    "receivedKBytesPerSec" : 1.2014969313709272,
    "sentKBytesPerSec" : 0.2579179935482537
  }
}