{
  "Test" : {
    "transaction" : "Test",
    "sampleCount" : 768,
    "errorCount" : 232,
    "errorPct" : 30.208334,
    "meanResTime" : 20360.47005208334,
    "medianResTime" : 19692.0,
    "minResTime" : 312.0,
    "maxResTime" : 60659.0,
    "pct1ResTime" : 41076.3,
    "pct2ResTime" : 51463.799999999945,
    "pct3ResTime" : 60519.1,
    "throughput" : 0.5871003054756276,
    "receivedKBytesPerSec" : 2.186144468624534,
    "sentKBytesPerSec" : 4.843899277467197
  },
  "Total" : {
    "transaction" : "Total",
    "sampleCount" : 1535,
    "errorCount" : 294,
    "errorPct" : 19.153095,
    "meanResTime" : 10186.867100977199,
    "medianResTime" : 408.0,
    "minResTime" : 104.0,
    "maxResTime" : 60362.0,
    "pct1ResTime" : 33232.8,
    "pct2ResTime" : 40703.999999999985,
    "pct3ResTime" : 60156.28,
    "throughput" : 1.171508009375117,
    "receivedKBytesPerSec" : 2.1825522747289314,
    "sentKBytesPerSec" : 4.8359399565416314
  },
  "HTTP Request POST" : {
    "transaction" : "HTTP Request POST",
    "sampleCount" : 767,
    "errorCount" : 164,
    "errorPct" : 21.382008,
    "meanResTime" : 20052.93872229466,
    "medianResTime" : 19399.0,
    "minResTime" : 104.0,
    "maxResTime" : 60362.0,
    "pct1ResTime" : 40704.0,
    "pct2ResTime" : 51160.19999999989,
    "pct3ResTime" : 60190.96,
    "throughput" : 0.5887631445018197,
    "receivedKBytesPerSec" : 1.0878483955052884,
    "sentKBytesPerSec" : 4.62387929544741
  },
  "HTTP Request GET" : {
    "transaction" : "HTTP Request GET",
    "sampleCount" : 768,
    "errorCount" : 130,
    "errorPct" : 16.927084,
    "meanResTime" : 333.6419270833333,
    "medianResTime" : 326.0,
    "minResTime" : 206.0,
    "maxResTime" : 947.0,
    "pct1ResTime" : 409.1,
    "pct2ResTime" : 412.54999999999995,
    "pct3ResTime" : 512.31,
    "throughput" : 0.5965321906013558,
    "receivedKBytesPerSec" : 1.120497342208303,
    "sentKBytesPerSec" : 0.2429237533991849
  }
}