{
  "Test" : {
    "transaction" : "Test",
    "sampleCount" : 1722,
    "errorCount" : 1663,
    "errorPct" : 96.57375,
    "meanResTime" : 7069.0673635307785,
    "medianResTime" : 338.0,
    "minResTime" : 307.0,
    "maxResTime" : 125153.0,
    "pct1ResTime" : 23144.200000000008,
    "pct2ResTime" : 61228.65,
    "pct3ResTime" : 83534.48999999999,
    "throughput" : 1.3166788496416981,
    "receivedKBytesPerSec" : 2.0660732392574452,
    "sentKBytesPerSec" : 10.926058897340722
  },
  "Total" : {
    "transaction" : "Total",
    "sampleCount" : 3442,
    "errorCount" : 3155,
    "errorPct" : 91.66183,
    "meanResTime" : 3554.7887855897798,
    "medianResTime" : 206.0,
    "minResTime" : 102.0,
    "maxResTime" : 68224.0,
    "pct1ResTime" : 1294.6000000000186,
    "pct2ResTime" : 30594.599999999977,
    "pct3ResTime" : 61885.44000000002,
    "throughput" : 2.632001529344294,
    "receivedKBytesPerSec" : 2.0710861331485377,
    "sentKBytesPerSec" : 10.927711599120627
  },
  "HTTP Request POST" : {
    "transaction" : "HTTP Request POST",
    "sampleCount" : 1717,
    "errorCount" : 1645,
    "errorPct" : 95.80664,
    "meanResTime" : 5940.84682585906,
    "medianResTime" : 108.0,
    "minResTime" : 102.0,
    "maxResTime" : 68224.0,
    "pct1ResTime" : 21690.400000000016,
    "pct2ResTime" : 60415.29999999998,
    "pct3ResTime" : 63876.64,
    "throughput" : 1.3200472664565763,
    "receivedKBytesPerSec" : 0.9599197092974534,
    "sentKBytesPerSec" : 10.447411820583127
  },
  "HTTP Request GET" : {
    "transaction" : "HTTP Request GET",
    "sampleCount" : 1725,
    "errorCount" : 1510,
    "errorPct" : 87.53623,
    "meanResTime" : 1179.7965217391315,
    "medianResTime" : 210.0,
    "minResTime" : 204.0,
    "maxResTime" : 63076.0,
    "pct1ResTime" : 419.2000000000003,
    "pct2ResTime" : 3784.199999999999,
    "pct3ResTime" : 39512.14,
    "throughput" : 1.319059453259415,
    "receivedKBytesPerSec" : 1.1163332178359777,
    "sentKBytesPerSec" : 0.5365332572643854
  }
}