{
  "Test" : {
    "transaction" : "Test",
    "sampleCount" : 712,
    "errorCount" : 232,
    "errorPct" : 32.58427,
    "meanResTime" : 22415.970505617974,
    "medianResTime" : 15805.0,
    "minResTime" : 250.0,
    "maxResTime" : 87700.0,
    "pct1ResTime" : 55817.20000000002,
    "pct2ResTime" : 60395.0,
    "pct3ResTime" : 60526.74,
    "throughput" : 0.5441108029684607,
    "receivedKBytesPerSec" : 1.9886939093501468,
    "sentKBytesPerSec" : 4.568998463097136
  },
  "Total" : {
    "transaction" : "Total",
    "sampleCount" : 1418,
    "errorCount" : 296,
    "errorPct" : 20.874472,
    "meanResTime" : 11280.286318758794,
    "medianResTime" : 287.0,
    "minResTime" : 124.0,
    "maxResTime" : 60262.0,
    "pct1ResTime" : 42901.80000000001,
    "pct2ResTime" : 55298.849999999984,
    "pct3ResTime" : 60137.0,
    "throughput" : 1.0814248878727122,
    "receivedKBytesPerSec" : 1.9862566855013564,
    "sentKBytesPerSec" : 4.559980770484727
  },
  "HTTP Request POST" : {
    "transaction" : "HTTP Request POST",
    "sampleCount" : 705,
    "errorCount" : 170,
    "errorPct" : 24.113476,
    "meanResTime" : 22026.329078014176,
    "medianResTime" : 16137.0,
    "minResTime" : 124.0,
    "maxResTime" : 60262.0,
    "pct1ResTime" : 55430.79999999999,
    "pct2ResTime" : 60130.0,
    "pct3ResTime" : 60258.88,
    "throughput" : 0.5387745744254027,
    "receivedKBytesPerSec" : 0.9728115566668577,
    "sentKBytesPerSec" : 4.350185263464588
  },
  "HTTP Request GET" : {
    "transaction" : "HTTP Request GET",
    "sampleCount" : 713,
    "errorCount" : 126,
    "errorPct" : 17.67181,
    "meanResTime" : 654.8162692847123,
    "medianResTime" : 263.0,
    "minResTime" : 244.0,
    "maxResTime" : 35275.0,
    "pct1ResTime" : 308.6,
    "pct2ResTime" : 346.5999999999999,
    "pct3ResTime" : 15296.460000000028,
    "throughput" : 0.5463974171418587,
    "receivedKBytesPerSec" : 1.0203738571538594,
    "sentKBytesPerSec" : 0.2198395858031697
  }
}