{
  "Test" : {
    "transaction" : "Test",
    "sampleCount" : 745,
    "errorCount" : 285,
    "errorPct" : 38.255035,
    "meanResTime" : 21217.26577181206,
    "medianResTime" : 16851.0,
    "minResTime" : 209.0,
    "maxResTime" : 60679.0,
    "pct1ResTime" : 52871.6,
    "pct2ResTime" : 60458.7,
    "pct3ResTime" : 60593.86,
    "throughput" : 0.5693376883208588,
    "receivedKBytesPerSec" : 2.020159945441019,
    "sentKBytesPerSec" : 4.900814013186855
  },
  "Total" : {
    "transaction" : "Total",
    "sampleCount" : 1486,
    "errorCount" : 366,
    "errorPct" : 24.629879,
    "meanResTime" : 10637.187752355321,
    "medianResTime" : 408.0,
    "minResTime" : 103.0,
    "maxResTime" : 60396.0,
    "pct1ResTime" : 40033.19999999999,
    "pct2ResTime" : 52657.04999999999,
    "pct3ResTime" : 60173.52,
    "throughput" : 1.1315800695700908,
    "receivedKBytesPerSec" : 2.0129758992387345,
    "sentKBytesPerSec" : 4.883385851432141
  },
  "HTTP Request POST" : {
    "transaction" : "HTTP Request POST",
    "sampleCount" : 741,
    "errorCount" : 216,
    "errorPct" : 29.149797,
    "meanResTime" : 20998.50472334683,
    "medianResTime" : 16561.0,
    "minResTime" : 103.0,
    "maxResTime" : 60396.0,
    "pct1ResTime" : 52671.600000000006,
    "pct2ResTime" : 60106.0,
    "pct3ResTime" : 60222.48,
    "throughput" : 0.567698637063596,
    "receivedKBytesPerSec" : 0.9799023262428463,
    "sentKBytesPerSec" : 4.680654254004919
  },
  "HTTP Request GET" : {
    "transaction" : "HTTP Request GET",
    "sampleCount" : 745,
    "errorCount" : 150,
    "errorPct" : 20.134228,
    "meanResTime" : 331.50201342281895,
    "medianResTime" : 329.0,
    "minResTime" : 205.0,
    "maxResTime" : 518.0,
    "pct1ResTime" : 409.0,
    "pct2ResTime" : 410.0,
    "pct3ResTime" : 503.39999999999964,
    "throughput" : 0.5740740455344745,
    "receivedKBytesPerSec" : 1.0513791996502386,
    "sentKBytesPerSec" : 0.23377820018347253
  }
}