{
  "Test" : {
    "transaction" : "Test",
    "sampleCount" : 639,
    "errorCount" : 173,
    "errorPct" : 27.073553,
    "meanResTime" : 25610.233176838792,
    "medianResTime" : 23673.0,
    "minResTime" : 305.0,
    "maxResTime" : 60529.0,
    "pct1ResTime" : 54468.0,
    "pct2ResTime" : 60380.0,
    "pct3ResTime" : 60475.8,
    "throughput" : 0.4890548154679083,
    "receivedKBytesPerSec" : 1.8574196297916272,
    "sentKBytesPerSec" : 4.101367128006462
  },
  "Total" : {
    "transaction" : "Total",
    "sampleCount" : 1277,
    "errorCount" : 213,
    "errorPct" : 16.679718,
    "meanResTime" : 12815.142521534846,
    "medianResTime" : 297.0,
    "minResTime" : 125.0,
    "maxResTime" : 60263.0,
    "pct1ResTime" : 41612.200000000004,
    "pct2ResTime" : 54186.299999999996,
    "pct3ResTime" : 60135.0,
    "throughput" : 0.9749006967829804,
    "receivedKBytesPerSec" : 1.8527756446788517,
    "sentKBytesPerSec" : 4.091112747370555
  },
  "HTTP Request POST" : {
    "transaction" : "HTTP Request POST",
    "sampleCount" : 638,
    "errorCount" : 124,
    "errorPct" : 19.435738,
    "meanResTime" : 25376.28840125392,
    "medianResTime" : 23404.5,
    "minResTime" : 125.0,
    "maxResTime" : 60263.0,
    "pct1ResTime" : 54186.3,
    "pct2ResTime" : 60128.0,
    "pct3ResTime" : 60138.22,
    "throughput" : 0.4899111325777849,
    "receivedKBytesPerSec" : 0.9203928544484007,
    "sentKBytesPerSec" : 3.9175665668191173
  },
  "HTTP Request GET" : {
    "transaction" : "HTTP Request GET",
    "sampleCount" : 639,
    "errorCount" : 89,
    "errorPct" : 13.928013,
    "meanResTime" : 273.6541471048516,
    "medianResTime" : 264.0,
    "minResTime" : 245.0,
    "maxResTime" : 599.0,
    "pct1ResTime" : 305.0,
    "pct2ResTime" : 327.0,
    "pct3ResTime" : 433.00000000000034,
    "throughput" : 0.4939844445148786,
    "receivedKBytesPerSec" : 0.949549235570668,
    "sentKBytesPerSec" : 0.1987515538477832
  }
}