{
  "Test" : {
    "transaction" : "Test",
    "sampleCount" : 778,
    "errorCount" : 202,
    "errorPct" : 25.96401,
    "meanResTime" : 20032.15809768636,
    "medianResTime" : 17890.0,
    "minResTime" : 252.0,
    "maxResTime" : 75538.0,
    "pct1ResTime" : 42081.4,
    "pct2ResTime" : 46977.99999999999,
    "pct3ResTime" : 55826.38000000001,
    "throughput" : 0.5937829852935677,
    "receivedKBytesPerSec" : 2.255160010156513,
    "sentKBytesPerSec" : 4.783127687240077
  },
  "Total" : {
    "transaction" : "Total",
    "sampleCount" : 1551,
    "errorCount" : 255,
    "errorPct" : 16.441006,
    "meanResTime" : 10049.18891038041,
    "medianResTime" : 285.0,
    "minResTime" : 123.0,
    "maxResTime" : 75272.0,
    "pct1ResTime" : 34109.799999999996,
    "pct2ResTime" : 41839.399999999994,
    "pct3ResTime" : 53246.32000000001,
    "throughput" : 1.1808173143905163,
    "receivedKBytesPerSec" : 2.2500780002733163,
    "sentKBytesPerSec" : 4.77158449091433
  },
  "HTTP Request POST" : {
    "transaction" : "HTTP Request POST",
    "sampleCount" : 772,
    "errorCount" : 122,
    "errorPct" : 15.803109,
    "meanResTime" : 19813.25259067357,
    "medianResTime" : 17660.5,
    "minResTime" : 123.0,
    "maxResTime" : 60128.0,
    "pct1ResTime" : 41706.20000000002,
    "pct2ResTime" : 46552.74999999998,
    "pct3ResTime" : 55474.27,
    "throughput" : 0.59093918761171,
    "receivedKBytesPerSec" : 1.1435281167353673,
    "sentKBytesPerSec" : 4.557607869604905
  },
  "HTTP Request GET" : {
    "transaction" : "HTTP Request GET",
    "sampleCount" : 779,
    "errorCount" : 133,
    "errorPct" : 17.073172,
    "meanResTime" : 372.8639281129656,
    "medianResTime" : 264.0,
    "minResTime" : 243.0,
    "maxResTime" : 75272.0,
    "pct1ResTime" : 297.0,
    "pct2ResTime" : 316.0,
    "pct3ResTime" : 524.8000000000186,
    "throughput" : 0.5968379083244715,
    "receivedKBytesPerSec" : 1.1197960860477072,
    "sentKBytesPerSec" : 0.24013400217742406
  }
}